<?xml version="1.0" encoding="UTF-8" standalone="yes"?>
<addon id="plugin.video.aswizard" name="..DroidSticks Wizard" version="3.0.1" provider-name="Droidsticks / MetalKettle">
  <requires>
    <import addon="xbmc.python" version="2.1.0"/>
    <import addon="script.module.t0mm0.common" version="0.0.1"/>
  </requires>
  <extension point="xbmc.python.pluginsource" library="default.py">
        <provides>video executable</provides>
  </extension>
  <extension point="xbmc.addon.metadata">
    <summary lang="en">DroidSticks Wizard</summary>
    <description lang="en">Easy Install With DroidSticks XBMC Wizard</description>
    <platform>all</platform>
  </extension>
</addon>
